chrom	pos	ref	alt	snv	FOBP	VAFF	SOB	msec	truth	variant_caller	sample_name
chr2	208248484	C	T	chr2_208248484_C_T	-1	0	0	1	FALSE	MuTect2	Pat01_Meta_FFPE_ERR791893
chr3	10142126	C	T	chr3_10142126_C_T	-1	0	-1	1	FALSE	MuTect2	Pat01_Meta_FFPE_ERR791893
chr3	10142214	C	T	chr3_10142214_C_T	-1	0	0	1	FALSE	MuTect2	Pat01_Meta_FFPE_ERR791893
chr3	10142230	C	T	chr3_10142230_C_T	-1	0	0	1	FALSE	MuTect2	Pat01_Meta_FFPE_ERR791893
chr3	37025789	G	A	chr3_37025789_G_A	-1	0	-1	1	FALSE	MuTect2	Pat01_Meta_FFPE_ERR791893
chr3	41224543	G	A	chr3_41224543_G_A	-1	0	0	0	FALSE	MuTect2	Pat01_Meta_FFPE_ERR791893
chr3	41224646	C	T	chr3_41224646_C_T	-1	0	0	1	FALSE	MuTect2	Pat01_Meta_FFPE_ERR791893
chr4	152324311	C	T	chr4_152324311_C_T	-1	0	0	1	FALSE	MuTect2	Pat01_Meta_FFPE_ERR791893
chr4	152324327	C	T	chr4_152324327_C_T	-1	0	0	1	FALSE	MuTect2	Pat01_Meta_FFPE_ERR791893
chr5	112840070	C	T	chr5_112840070_C_T	-1	0	-1	1	FALSE	MuTect2	Pat01_Meta_FFPE_ERR791893
chr7	55191927	C	T	chr7_55191927_C_T	-1	0	0	1	FALSE	MuTect2	Pat01_Meta_FFPE_ERR791893
chr7	55191934	C	T	chr7_55191934_C_T	-1	0	0	1	FALSE	MuTect2	Pat01_Meta_FFPE_ERR791893
chr7	66505088	G	A	chr7_66505088_G_A	-0.00447623	0.333333	-1	1	FALSE	MuTect2	Pat01_Meta_FFPE_ERR791893
chr7	66505129	G	A	chr7_66505129_G_A	-0.00401134	0.333333	-1	1	FALSE	MuTect2	Pat01_Meta_FFPE_ERR791893
chr7	116771951	C	T	chr7_116771951_C_T	-0.03859	0.05	-1	1	FALSE	MuTect2	Pat01_Meta_FFPE_ERR791893
chr7	116772021	C	T	chr7_116772021_C_T	-1	0	0	1	FALSE	MuTect2	Pat01_Meta_FFPE_ERR791893
chr7	129205344	C	T	chr7_129205344_C_T	-1	0	0	1	FALSE	MuTect2	Pat01_Meta_FFPE_ERR791893
chr7	129205391	C	T	chr7_129205391_C_T	-1	0	0	1	FALSE	MuTect2	Pat01_Meta_FFPE_ERR791893
chr9	5073781	C	T	chr9_5073781_C_T	-1	0	0	1	FALSE	MuTect2	Pat01_Meta_FFPE_ERR791893
chr9	5073801	G	A	chr9_5073801_G_A	-1	0	0	1	FALSE	MuTect2	Pat01_Meta_FFPE_ERR791893
chr9	33675792	G	A	chr9_33675792_G_A	-1	0	0	1	FALSE	MuTect2	Pat01_Meta_FFPE_ERR791893
chr9	33675980	C	T	chr9_33675980_C_T	-9.07649e-06	1	-1	0	TRUE	MuTect2	Pat01_Meta_FFPE_ERR791893
chr9	77721529	C	T	chr9_77721529_C_T	-1	0	0	1	FALSE	MuTect2	Pat01_Meta_FFPE_ERR791893
chr9	77721532	G	A	chr9_77721532_G_A	-1	0	0	1	FALSE	MuTect2	Pat01_Meta_FFPE_ERR791893
chr9	77797600	C	T	chr9_77797600_C_T	-0.0175112	0.1	-1	1	FALSE	MuTect2	Pat01_Meta_FFPE_ERR791893
chr9	136504945	C	T	chr9_136504945_C_T	-1	0	0	1	FALSE	MuTect2	Pat01_Meta_FFPE_ERR791893
chr9	136504957	C	T	chr9_136504957_C_T	-1	0	-1	1	FALSE	MuTect2	Pat01_Meta_FFPE_ERR791893
chr10	43113671	C	T	chr10_43113671_C_T	-1	0	0	1	FALSE	MuTect2	Pat01_Meta_FFPE_ERR791893
chr11	73438118	G	A	chr11_73438118_G_A	-5.55499e-10	1	0	0	FALSE	MuTect2	Pat01_Meta_FFPE_ERR791893
chr11	108249180	C	T	chr11_108249180_C_T	-1	0	0	1	FALSE	MuTect2	Pat01_Meta_FFPE_ERR791893
chr11	108301696	C	T	chr11_108301696_C_T	-1	0	0	1	FALSE	MuTect2	Pat01_Meta_FFPE_ERR791893
chr11	108301792	C	T	chr11_108301792_C_T	-1	0	0	1	FALSE	MuTect2	Pat01_Meta_FFPE_ERR791893
chr12	25225711	C	T	chr12_25225711_C_T	-1	0	0	1	FALSE	MuTect2	Pat01_Meta_FFPE_ERR791893
chr12	25225730	C	T	chr12_25225730_C_T	-1	0	0	1	FALSE	MuTect2	Pat01_Meta_FFPE_ERR791893
chr12	25227401	C	T	chr12_25227401_C_T	-1	0	0	1	FALSE	MuTect2	Pat01_Meta_FFPE_ERR791893
chr12	25227413	C	T	chr12_25227413_C_T	-1	0	0	1	FALSE	MuTect2	Pat01_Meta_FFPE_ERR791893
chr13	48459774	C	T	chr13_48459774_C_T	-1	0	0	1	FALSE	MuTect2	Pat01_Meta_FFPE_ERR791893
chr14	104780133	C	T	chr14_104780133_C_T	-1	0	0	1	FALSE	MuTect2	Pat01_Meta_FFPE_ERR791893
chr16	68812233	C	T	chr16_68812233_C_T	-1	0	0	1	FALSE	MuTect2	Pat01_Meta_FFPE_ERR791893
chr17	41002595	C	T	chr17_41002595_C_T	-8.40787e-07	1	-1	0	FALSE	MuTect2	Pat01_Meta_FFPE_ERR791893
chr18	49980042	C	T	chr18_49980042_C_T	-9.57435e-07	1	-1	0	FALSE	MuTect2	Pat01_Meta_FFPE_ERR791893
chr18	51059984	C	T	chr18_51059984_C_T	-1	0	0	1	FALSE	MuTect2	Pat01_Meta_FFPE_ERR791893
chr19	3115104	G	A	chr19_3115104_G_A	-1	0	0	1	FALSE	MuTect2	Pat01_Meta_FFPE_ERR791893
chr19	3121241	G	A	chr19_3121241_G_A	-1	0	0	1	FALSE	MuTect2	Pat01_Meta_FFPE_ERR791893
chr19	3121262	C	T	chr19_3121262_C_T	-1	0	0	1	FALSE	MuTect2	Pat01_Meta_FFPE_ERR791893
chr19	17837289	C	T	chr19_17837289_C_T	-1	0	0	1	FALSE	MuTect2	Pat01_Meta_FFPE_ERR791893
chr19	19389584	G	A	chr19_19389584_G_A	-1.70818e-10	1	0	0	FALSE	MuTect2	Pat01_Meta_FFPE_ERR791893
chr22	16572103	C	T	chr22_16572103_C_T	-1	0	0	1	FALSE	MuTect2	Pat01_Meta_FFPE_ERR791893
chr22	23791806	C	T	chr22_23791806_C_T	-1	0	0	1	FALSE	MuTect2	Pat01_Meta_FFPE_ERR791893
chr22	23791859	C	T	chr22_23791859_C_T	-1	0	0	1	FALSE	MuTect2	Pat01_Meta_FFPE_ERR791893
chr22	23801073	C	T	chr22_23801073_C_T	-1	0	-1	1	FALSE	MuTect2	Pat01_Meta_FFPE_ERR791893
chr22	23801158	C	T	chr22_23801158_C_T	-1	0	0	1	FALSE	MuTect2	Pat01_Meta_FFPE_ERR791893
chr22	26100281	C	T	chr22_26100281_C_T	-8.44026e-07	1	-1	0	FALSE	MuTect2	Pat01_Meta_FFPE_ERR791893
chr2	56003198	G	A	chr2_56003198_G_A	-9.6718e-06	0.5	-1	0	FALSE	MuTect2	Pat03_Meta_FFPE_ERR791895
chr2	145362898	C	T	chr2_145362898_C_T	-7.13336e-06	1	-1	1	FALSE	MuTect2	Pat03_Meta_FFPE_ERR791895
chr2	211424253	C	T	chr2_211424253_C_T	-1	0	0	1	FALSE	MuTect2	Pat03_Meta_FFPE_ERR791895
chr2	211788088	C	T	chr2_211788088_C_T	-1	0	0	1	FALSE	MuTect2	Pat03_Meta_FFPE_ERR791895
chr3	10142213	C	T	chr3_10142213_C_T	-1	0	0	1	FALSE	MuTect2	Pat03_Meta_FFPE_ERR791895
chr3	179203780	C	T	chr3_179203780_C_T	-1	0	0	1	FALSE	MuTect2	Pat03_Meta_FFPE_ERR791895
chr3	179221143	G	A	chr3_179221143_G_A	-1	0	0	1	FALSE	MuTect2	Pat03_Meta_FFPE_ERR791895
chr3	179234334	C	T	chr3_179234334_C_T	-1	0	0	1	FALSE	MuTect2	Pat03_Meta_FFPE_ERR791895
chr4	54274936	C	T	chr4_54274936_C_T	-1	0	0	1	FALSE	MuTect2	Pat03_Meta_FFPE_ERR791895
chr4	54278096	C	T	chr4_54278096_C_T	-1	0	0	1	FALSE	MuTect2	Pat03_Meta_FFPE_ERR791895
chr4	54695697	G	A	chr4_54695697_G_A	-1	0	0	1	FALSE	MuTect2	Pat03_Meta_FFPE_ERR791895
chr4	54729433	C	T	chr4_54729433_C_T	-1	0	0	1	FALSE	MuTect2	Pat03_Meta_FFPE_ERR791895
chr4	54729466	C	T	chr4_54729466_C_T	-1	0	-1	1	FALSE	MuTect2	Pat03_Meta_FFPE_ERR791895
chr4	152326172	C	T	chr4_152326172_C_T	-1	0	0	1	FALSE	MuTect2	Pat03_Meta_FFPE_ERR791895
chr5	112838331	C	T	chr5_112838331_C_T	-1	0	-1	1	FALSE	MuTect2	Pat03_Meta_FFPE_ERR791895
chr5	112838341	C	T	chr5_112838341_C_T	-1	0	0	1	FALSE	MuTect2	Pat03_Meta_FFPE_ERR791895
chr5	112839382	G	A	chr5_112839382_G_A	-1	0	0	1	FALSE	MuTect2	Pat03_Meta_FFPE_ERR791895
chr7	51266730	G	A	chr7_51266730_G_A	-1	NA	0	1	FALSE	MuTect2	Pat03_Meta_FFPE_ERR791895
chr7	55154130	C	T	chr7_55154130_C_T	-1	0	0	1	FALSE	MuTect2	Pat03_Meta_FFPE_ERR791895
chr7	55154150	C	T	chr7_55154150_C_T	-1	0	0	1	FALSE	MuTect2	Pat03_Meta_FFPE_ERR791895
chr7	55174051	C	T	chr7_55174051_C_T	-1	0	0	1	FALSE	MuTect2	Pat03_Meta_FFPE_ERR791895
chr7	55174053	C	T	chr7_55174053_C_T	-1	0	0	1	FALSE	MuTect2	Pat03_Meta_FFPE_ERR791895
chr7	55174059	C	T	chr7_55174059_C_T	-1	0	0	1	FALSE	MuTect2	Pat03_Meta_FFPE_ERR791895
chr7	66505181	C	T	chr7_66505181_C_T	-2.44249e-15	1	-1	0	FALSE	MuTect2	Pat03_Meta_FFPE_ERR791895
chr7	66505294	C	T	chr7_66505294_C_T	-0.010556	0.125	-1	1	FALSE	MuTect2	Pat03_Meta_FFPE_ERR791895
chr7	66505332	C	T	chr7_66505332_C_T	-0.003132	0.333333	-1	1	FALSE	MuTect2	Pat03_Meta_FFPE_ERR791895
chr7	116699704	C	T	chr7_116699704_C_T	-1	0	0	1	FALSE	MuTect2	Pat03_Meta_FFPE_ERR791895
chr7	129205372	C	T	chr7_129205372_C_T	-1	0	0	1	FALSE	MuTect2	Pat03_Meta_FFPE_ERR791895
chr7	129205376	C	T	chr7_129205376_C_T	-1	0	0	1	FALSE	MuTect2	Pat03_Meta_FFPE_ERR791895
chr7	129210597	C	T	chr7_129210597_C_T	-0.0324255	0.047619	-1	0	FALSE	MuTect2	Pat03_Meta_FFPE_ERR791895
chr7	129210604	C	T	chr7_129210604_C_T	-1	0	0	0	FALSE	MuTect2	Pat03_Meta_FFPE_ERR791895
chr7	129211765	C	T	chr7_129211765_C_T	-1	0	0	1	FALSE	MuTect2	Pat03_Meta_FFPE_ERR791895
chr7	129211768	C	T	chr7_129211768_C_T	-1	0	0	1	FALSE	MuTect2	Pat03_Meta_FFPE_ERR791895
chr7	129211833	C	T	chr7_129211833_C_T	-1	0	0	1	FALSE	MuTect2	Pat03_Meta_FFPE_ERR791895
chr8	38428525	C	T	chr8_38428525_C_T	-1	0	0	1	FALSE	MuTect2	Pat03_Meta_FFPE_ERR791895
chr8	38428528	C	T	chr8_38428528_C_T	-1	0	-1	1	FALSE	MuTect2	Pat03_Meta_FFPE_ERR791895
chr8	38428529	C	T	chr8_38428529_C_T	-1	0	-1	1	FALSE	MuTect2	Pat03_Meta_FFPE_ERR791895
chr9	5073813	C	T	chr9_5073813_C_T	-1	0	0	1	FALSE	MuTect2	Pat03_Meta_FFPE_ERR791895
chr9	33675980	C	T	chr9_33675980_C_T	-1.15517e-05	1	-1	0	TRUE	MuTect2	Pat03_Meta_FFPE_ERR791895
chr9	33676386	G	A	chr9_33676386_G_A	-0.0031569	0.333333	-1	1	FALSE	MuTect2	Pat03_Meta_FFPE_ERR791895
chr9	33676418	G	A	chr9_33676418_G_A	-0.00318805	0.333333	-1	1	FALSE	MuTect2	Pat03_Meta_FFPE_ERR791895
chr9	77721217	C	T	chr9_77721217_C_T	-1	0	0	1	FALSE	MuTect2	Pat03_Meta_FFPE_ERR791895
chr9	77721261	C	T	chr9_77721261_C_T	-1	0	0	1	FALSE	MuTect2	Pat03_Meta_FFPE_ERR791895
chr9	130874985	C	T	chr9_130874985_C_T	-1	0	-1	1	FALSE	MuTect2	Pat03_Meta_FFPE_ERR791895
chr10	43113688	C	T	chr10_43113688_C_T	-1	0	0	1	FALSE	MuTect2	Pat03_Meta_FFPE_ERR791895
chr10	43113692	C	T	chr10_43113692_C_T	-1	0	0	1	FALSE	MuTect2	Pat03_Meta_FFPE_ERR791895
chr10	43113706	C	T	chr10_43113706_C_T	-1	0	0	1	FALSE	MuTect2	Pat03_Meta_FFPE_ERR791895
chr10	43114567	G	A	chr10_43114567_G_A	-1	0	0	1	FALSE	MuTect2	Pat03_Meta_FFPE_ERR791895
chr10	87925597	C	T	chr10_87925597_C_T	-1	0	0	1	FALSE	MuTect2	Pat03_Meta_FFPE_ERR791895
chr10	87957956	G	A	chr10_87957956_G_A	-1	0	0	1	FALSE	MuTect2	Pat03_Meta_FFPE_ERR791895
chr10	121515344	G	A	chr10_121515344_G_A	-1	0	0	0	FALSE	MuTect2	Pat03_Meta_FFPE_ERR791895
chr12	25227345	C	T	chr12_25227345_C_T	-1	0	-1	1	FALSE	MuTect2	Pat03_Meta_FFPE_ERR791895
chr12	25245354	C	T	chr12_25245354_C_T	-1	0	0	1	FALSE	MuTect2	Pat03_Meta_FFPE_ERR791895
chr13	48453081	C	T	chr13_48453081_C_T	-1	0	0	1	FALSE	MuTect2	Pat03_Meta_FFPE_ERR791895
chr16	68812331	C	T	chr16_68812331_C_T	-1	0	0	1	FALSE	MuTect2	Pat03_Meta_FFPE_ERR791895
chr17	7676047	C	T	chr17_7676047_C_T	-1	0	0	1	FALSE	MuTect2	Pat03_Meta_FFPE_ERR791895
chr17	7676057	C	T	chr17_7676057_C_T	-1	0	0	1	FALSE	MuTect2	Pat03_Meta_FFPE_ERR791895
chr17	7676661	C	T	chr17_7676661_C_T	-1	0	0	1	FALSE	MuTect2	Pat03_Meta_FFPE_ERR791895
chr18	46588725	C	T	chr18_46588725_C_T	-1	NA	0	1	FALSE	MuTect2	Pat03_Meta_FFPE_ERR791895
chr19	1220520	G	A	chr19_1220520_G_A	-1	0	0	1	TRUE	MuTect2	Pat03_Meta_FFPE_ERR791895
chr19	1223141	C	T	chr19_1223141_C_T	-1	0	0	1	FALSE	MuTect2	Pat03_Meta_FFPE_ERR791895
chr19	31758839	C	T	chr19_31758839_C_T	-5.43336e-07	1	-1	0	FALSE	MuTect2	Pat03_Meta_FFPE_ERR791895
chr22	16574664	C	T	chr22_16574664_C_T	-1	0	-1	1	FALSE	MuTect2	Pat03_Meta_FFPE_ERR791895
chr22	44929362	C	T	chr22_44929362_C_T	-5.40755e-07	1	-1	0	FALSE	MuTect2	Pat03_Meta_FFPE_ERR791895
chr1	114716167	C	T	chr1_114716167_C_T	-1	0	0	1	FALSE	MuTect2	Pat04_Meta_FFPE_ERR791896
chr2	29220921	C	T	chr2_29220921_C_T	-0.030868	0.0526316	-1	1	FALSE	MuTect2	Pat04_Meta_FFPE_ERR791896
chr3	10142154	C	T	chr3_10142154_C_T	-1	0	0	1	FALSE	MuTect2	Pat04_Meta_FFPE_ERR791896
chr3	10142202	C	T	chr3_10142202_C_T	-1	0	0	0	FALSE	MuTect2	Pat04_Meta_FFPE_ERR791896
chr3	10146651	C	T	chr3_10146651_C_T	-1	0	0	1	FALSE	MuTect2	Pat04_Meta_FFPE_ERR791896
chr3	107106840	G	A	chr3_107106840_G_A	-0.00043593	1	-1	1	TRUE	MuTect2	Pat04_Meta_FFPE_ERR791896
chr3	179199116	C	T	chr3_179199116_C_T	-1	0	0	1	FALSE	MuTect2	Pat04_Meta_FFPE_ERR791896
chr3	179199147	C	T	chr3_179199147_C_T	-1	0	0	1	FALSE	MuTect2	Pat04_Meta_FFPE_ERR791896
chr3	179218294	G	A	chr3_179218294_G_A	-3.45698e-11	0.157895	-1	1	FALSE	MuTect2	Pat04_Meta_FFPE_ERR791896
chr3	179218370	C	T	chr3_179218370_C_T	-1	0	-1	1	FALSE	MuTect2	Pat04_Meta_FFPE_ERR791896
chr3	179221125	C	T	chr3_179221125_C_T	-1	0	0	1	FALSE	MuTect2	Pat04_Meta_FFPE_ERR791896
chr3	179221146	G	A	chr3_179221146_G_A	-2.38154e-11	0.176471	-1	1	FALSE	MuTect2	Pat04_Meta_FFPE_ERR791896
chr4	1806596	C	T	chr4_1806596_C_T	-1	0	0	1	FALSE	MuTect2	Pat04_Meta_FFPE_ERR791896
chr4	54727297	G	A	chr4_54727297_G_A	-1	0	-1	1	FALSE	MuTect2	Pat04_Meta_FFPE_ERR791896
chr4	55088958	C	T	chr4_55088958_C_T	-1	0	0	1	FALSE	MuTect2	Pat04_Meta_FFPE_ERR791896
chr4	152328225	C	T	chr4_152328225_C_T	-1	0	0	1	FALSE	MuTect2	Pat04_Meta_FFPE_ERR791896
chr5	112839538	C	T	chr5_112839538_C_T	-1	0	-1	1	FALSE	MuTect2	Pat04_Meta_FFPE_ERR791896
chr5	150054123	C	T	chr5_150054123_C_T	-1	0	-1	1	FALSE	MuTect2	Pat04_Meta_FFPE_ERR791896
chr5	150073570	C	T	chr5_150073570_C_T	-1	0	0	1	FALSE	MuTect2	Pat04_Meta_FFPE_ERR791896
chr7	66505143	G	A	chr7_66505143_G_A	-6.39972e-07	1	-1	1	FALSE	MuTect2	Pat04_Meta_FFPE_ERR791896
chr7	116771984	C	T	chr7_116771984_C_T	-0.039941	0.0416667	-1	1	FALSE	MuTect2	Pat04_Meta_FFPE_ERR791896
chr7	116771998	C	T	chr7_116771998_C_T	-1	0	-1	1	FALSE	MuTect2	Pat04_Meta_FFPE_ERR791896
chr7	140781733	G	A	chr7_140781733_G_A	-1	0	-1	0	FALSE	MuTect2	Pat04_Meta_FFPE_ERR791896
chr9	33675980	C	T	chr9_33675980_C_T	-9.07649e-06	1	-1	0	TRUE	MuTect2	Pat04_Meta_FFPE_ERR791896
chr9	77721442	C	T	chr9_77721442_C_T	-1	0	-1	1	FALSE	MuTect2	Pat04_Meta_FFPE_ERR791896
chr9	77797554	C	T	chr9_77797554_C_T	-1	0	0	1	FALSE	MuTect2	Pat04_Meta_FFPE_ERR791896
chr9	130873012	C	T	chr9_130873012_C_T	-1	0	-1	1	FALSE	MuTect2	Pat04_Meta_FFPE_ERR791896
chr9	130873033	C	T	chr9_130873033_C_T	-1	0	-1	1	FALSE	MuTect2	Pat04_Meta_FFPE_ERR791896
chr10	43120214	C	T	chr10_43120214_C_T	-1	0	0	1	FALSE	MuTect2	Pat04_Meta_FFPE_ERR791896
chr11	533873	C	T	chr11_533873_C_T	-1	0	-1	1	FALSE	MuTect2	Pat04_Meta_FFPE_ERR791896
chr11	533883	G	A	chr11_533883_G_A	-1	0	-1	0	FALSE	MuTect2	Pat04_Meta_FFPE_ERR791896
chr11	108299833	C	T	chr11_108299833_C_T	-1	0	0	1	FALSE	MuTect2	Pat04_Meta_FFPE_ERR791896
chr11	108299840	C	T	chr11_108299840_C_T	-1	0	0	1	FALSE	MuTect2	Pat04_Meta_FFPE_ERR791896
chr13	28036001	G	A	chr13_28036001_G_A	-1	0	0	1	FALSE	MuTect2	Pat04_Meta_FFPE_ERR791896
chr13	28036004	G	A	chr13_28036004_G_A	-1	0	0	1	FALSE	MuTect2	Pat04_Meta_FFPE_ERR791896
chr13	48465057	C	T	chr13_48465057_C_T	-1	0	0	1	FALSE	MuTect2	Pat04_Meta_FFPE_ERR791896
chr14	104780203	C	T	chr14_104780203_C_T	-1	0	0	1	FALSE	MuTect2	Pat04_Meta_FFPE_ERR791896
chr15	72899350	G	A	chr15_72899350_G_A	-6.08414e-07	1	-1	0	FALSE	MuTect2	Pat04_Meta_FFPE_ERR791896
chr15	80003355	G	A	chr15_80003355_G_A	-6.82157e-07	1	0	0	FALSE	MuTect2	Pat04_Meta_FFPE_ERR791896
chr18	51067107	C	T	chr18_51067107_C_T	-1	0	0	1	FALSE	MuTect2	Pat04_Meta_FFPE_ERR791896
chr18	51067115	C	T	chr18_51067115_C_T	-1	0	0	1	FALSE	MuTect2	Pat04_Meta_FFPE_ERR791896
chr22	16572181	C	T	chr22_16572181_C_T	-1	0	0	1	FALSE	MuTect2	Pat04_Meta_FFPE_ERR791896
chr1	5016416	G	A	chr1_5016416_G_A	-8.1628e-06	0.4	-1	0	FALSE	MuTect2	Pat08_Meta_FFPE_ERR791901
chr1	114713947	C	T	chr1_114713947_C_T	-1	0	0	1	FALSE	MuTect2	Pat08_Meta_FFPE_ERR791901
chr2	131424122	C	T	chr2_131424122_C_T	-0.000357385	0.08	-1	0	FALSE	MuTect2	Pat08_Meta_FFPE_ERR791901
chr2	211665423	C	T	chr2_211665423_C_T	-1	0	0	1	TRUE	MuTect2	Pat08_Meta_FFPE_ERR791901
chr2	211665426	C	T	chr2_211665426_C_T	-1.17163e-09	0.307692	-1	1	FALSE	MuTect2	Pat08_Meta_FFPE_ERR791901
chr3	10142230	C	T	chr3_10142230_C_T	-1	0	0	1	FALSE	MuTect2	Pat08_Meta_FFPE_ERR791901
chr3	10146626	C	T	chr3_10146626_C_T	-1	0	0	1	FALSE	MuTect2	Pat08_Meta_FFPE_ERR791901
chr3	107106840	G	A	chr3_107106840_G_A	-0.00027872	1	-1	1	FALSE	MuTect2	Pat08_Meta_FFPE_ERR791901
chr4	54278411	C	T	chr4_54278411_C_T	-1	0	0	1	FALSE	MuTect2	Pat08_Meta_FFPE_ERR791901
chr4	55079992	G	A	chr4_55079992_G_A	-0.000153233	0.117647	-1	1	FALSE	MuTect2	Pat08_Meta_FFPE_ERR791901
chr4	55096438	C	T	chr4_55096438_C_T	-1	0	0	1	FALSE	MuTect2	Pat08_Meta_FFPE_ERR791901
chr5	6082586	C	T	chr5_6082586_C_T	-2.49617e-07	1	-1	0	FALSE	MuTect2	Pat08_Meta_FFPE_ERR791901
chr5	177096316	C	T	chr5_177096316_C_T	-2.88153e-07	1	-1	1	FALSE	MuTect2	Pat08_Meta_FFPE_ERR791901
chr7	55143506	C	T	chr7_55143506_C_T	-1	0	-1	1	FALSE	MuTect2	Pat08_Meta_FFPE_ERR791901
chr7	55174817	C	T	chr7_55174817_C_T	-8.37752e-05	0.153846	-1	1	FALSE	MuTect2	Pat08_Meta_FFPE_ERR791901
chr7	66505181	C	T	chr7_66505181_C_T	0	0.75	-1	0	FALSE	MuTect2	Pat08_Meta_FFPE_ERR791901
chr7	129211751	C	T	chr7_129211751_C_T	-1	0	0	1	FALSE	MuTect2	Pat08_Meta_FFPE_ERR791901
chr8	38428506	C	T	chr8_38428506_C_T	-1	0	-1	1	FALSE	MuTect2	Pat08_Meta_FFPE_ERR791901
chr9	77794462	C	T	chr9_77794462_C_T	-1	0	0	1	FALSE	MuTect2	Pat08_Meta_FFPE_ERR791901
chr9	130872137	C	T	chr9_130872137_C_T	-1	0	0	1	FALSE	MuTect2	Pat08_Meta_FFPE_ERR791901
chr10	87864505	C	T	chr10_87864505_C_T	-1	0	0	1	FALSE	MuTect2	Pat08_Meta_FFPE_ERR791901
chr10	87957764	C	T	chr10_87957764_C_T	-1	0	0	1	FALSE	MuTect2	Pat08_Meta_FFPE_ERR791901
chr11	108310231	C	T	chr11_108310231_C_T	-1	0	0	1	FALSE	MuTect2	Pat08_Meta_FFPE_ERR791901
chr12	25227428	C	T	chr12_25227428_C_T	-1	0	0	1	FALSE	MuTect2	Pat08_Meta_FFPE_ERR791901
chr13	27043422	G	A	chr13_27043422_G_A	-2.65473e-07	1	-1	0	FALSE	MuTect2	Pat08_Meta_FFPE_ERR791901
chr13	48453020	C	T	chr13_48453020_C_T	-1	0	0	1	FALSE	MuTect2	Pat08_Meta_FFPE_ERR791901
chr13	48453050	C	T	chr13_48453050_C_T	-1	0	0	1	FALSE	MuTect2	Pat08_Meta_FFPE_ERR791901
chr13	48453069	C	T	chr13_48453069_C_T	-1	0	0	1	FALSE	MuTect2	Pat08_Meta_FFPE_ERR791901
chr17	39724782	C	T	chr17_39724782_C_T	-1	0	-1	1	FALSE	MuTect2	Pat08_Meta_FFPE_ERR791901
chr19	1207022	C	T	chr19_1207022_C_T	-1	0	0	1	FALSE	MuTect2	Pat08_Meta_FFPE_ERR791901
chr19	1220520	G	A	chr19_1220520_G_A	-0.000171808	0.1	-1	0	TRUE	MuTect2	Pat08_Meta_FFPE_ERR791901
chr1	43349368	C	T	chr1_43349368_C_T	-0.000155202	0.285714	-1	1	FALSE	MuTect2	Pat09_Meta_FFPE_ERR791902
chr1	114716136	C	T	chr1_114716136_C_T	-1	0	0	1	FALSE	MuTect2	Pat09_Meta_FFPE_ERR791902
chr1	114716216	C	T	chr1_114716216_C_T	-1	0	0	1	FALSE	MuTect2	Pat09_Meta_FFPE_ERR791902
chr2	208248418	C	T	chr2_208248418_C_T	-1	0	0	1	FALSE	MuTect2	Pat09_Meta_FFPE_ERR791902
chr2	211424239	C	T	chr2_211424239_C_T	-1	0	0	1	FALSE	MuTect2	Pat09_Meta_FFPE_ERR791902
chr2	211424325	C	T	chr2_211424325_C_T	-1	0	0	1	FALSE	MuTect2	Pat09_Meta_FFPE_ERR791902
chr2	211788106	C	T	chr2_211788106_C_T	-1	0	0	1	FALSE	MuTect2	Pat09_Meta_FFPE_ERR791902
chr2	211788109	C	T	chr2_211788109_C_T	-1	0	0	1	FALSE	MuTect2	Pat09_Meta_FFPE_ERR791902
chr3	41224584	C	T	chr3_41224584_C_T	-1	0	0	1	FALSE	MuTect2	Pat09_Meta_FFPE_ERR791902
chr3	179199090	C	T	chr3_179199090_C_T	-1	0	-1	1	FALSE	MuTect2	Pat09_Meta_FFPE_ERR791902
chr3	179199168	C	T	chr3_179199168_C_T	-1	0	0	1	FALSE	MuTect2	Pat09_Meta_FFPE_ERR791902
chr3	179210155	G	A	chr3_179210155_G_A	-1	0	0	1	FALSE	MuTect2	Pat09_Meta_FFPE_ERR791902
chr3	179210238	C	T	chr3_179210238_C_T	-1	0	0	1	FALSE	MuTect2	Pat09_Meta_FFPE_ERR791902
chr3	179234327	G	A	chr3_179234327_G_A	-1	0	-1	1	FALSE	MuTect2	Pat09_Meta_FFPE_ERR791902
chr4	1807305	C	T	chr4_1807305_C_T	-1	0	0	1	FALSE	MuTect2	Pat09_Meta_FFPE_ERR791902
chr4	1807307	C	T	chr4_1807307_C_T	-1	0	0	1	FALSE	MuTect2	Pat09_Meta_FFPE_ERR791902
chr4	54274844	C	T	chr4_54274844_C_T	-1	0	0	1	FALSE	MuTect2	Pat09_Meta_FFPE_ERR791902
chr4	54285870	C	T	chr4_54285870_C_T	-0.000413741	0.181818	-1	1	FALSE	MuTect2	Pat09_Meta_FFPE_ERR791902
chr4	54285877	C	T	chr4_54285877_C_T	-1	0	0	1	FALSE	MuTect2	Pat09_Meta_FFPE_ERR791902
chr4	55113538	C	T	chr4_55113538_C_T	-1	0	-1	1	FALSE	MuTect2	Pat09_Meta_FFPE_ERR791902
chr4	152337929	C	T	chr4_152337929_C_T	-1	0	0	1	FALSE	MuTect2	Pat09_Meta_FFPE_ERR791902
chr4	152337941	C	T	chr4_152337941_C_T	-1	0	0	1	FALSE	MuTect2	Pat09_Meta_FFPE_ERR791902
chr5	112838973	C	T	chr5_112838973_C_T	-1	0	0	1	FALSE	MuTect2	Pat09_Meta_FFPE_ERR791902
chr5	112840311	G	A	chr5_112840311_G_A	-1	0	0	1	FALSE	MuTect2	Pat09_Meta_FFPE_ERR791902
chr7	55143403	C	T	chr7_55143403_C_T	-1	0	0	1	FALSE	MuTect2	Pat09_Meta_FFPE_ERR791902
chr7	55154147	G	A	chr7_55154147_G_A	-1	0	-1	1	FALSE	MuTect2	Pat09_Meta_FFPE_ERR791902
chr7	55154174	C	T	chr7_55154174_C_T	-1	0	0	1	FALSE	MuTect2	Pat09_Meta_FFPE_ERR791902
chr7	55174024	C	T	chr7_55174024_C_T	-1	0	0	1	FALSE	MuTect2	Pat09_Meta_FFPE_ERR791902
chr7	55174033	C	T	chr7_55174033_C_T	-1	0	-1	1	FALSE	MuTect2	Pat09_Meta_FFPE_ERR791902
chr7	55181437	G	A	chr7_55181437_G_A	-1	0	0	1	FALSE	MuTect2	Pat09_Meta_FFPE_ERR791902
chr7	66505181	C	T	chr7_66505181_C_T	-1.79378e-06	1	-1	0	FALSE	MuTect2	Pat09_Meta_FFPE_ERR791902
chr7	116771971	C	T	chr7_116771971_C_T	-1	0	0	1	FALSE	MuTect2	Pat09_Meta_FFPE_ERR791902
chr7	129206651	C	T	chr7_129206651_C_T	-1	0	0	1	FALSE	MuTect2	Pat09_Meta_FFPE_ERR791902
chr7	140781655	C	T	chr7_140781655_C_T	-0.00095592	0.125	-1	1	FALSE	MuTect2	Pat09_Meta_FFPE_ERR791902
chr8	38424737	C	T	chr8_38424737_C_T	-1	0	0	1	FALSE	MuTect2	Pat09_Meta_FFPE_ERR791902
chr8	38424778	C	T	chr8_38424778_C_T	-0.000142222	0.285714	-1	1	FALSE	MuTect2	Pat09_Meta_FFPE_ERR791902
chr9	77728439	C	T	chr9_77728439_C_T	-1	0	0	1	FALSE	MuTect2	Pat09_Meta_FFPE_ERR791902
chr9	77797562	C	T	chr9_77797562_C_T	-1	0	0	1	FALSE	MuTect2	Pat09_Meta_FFPE_ERR791902
chr9	77797593	C	T	chr9_77797593_C_T	-1	0	-1	1	FALSE	MuTect2	Pat09_Meta_FFPE_ERR791902
chr9	77797600	C	T	chr9_77797600_C_T	-1	0	0	1	FALSE	MuTect2	Pat09_Meta_FFPE_ERR791902
chr9	136503427	C	T	chr9_136503427_C_T	-1	0	0	1	FALSE	MuTect2	Pat09_Meta_FFPE_ERR791902
chr9	136503439	C	T	chr9_136503439_C_T	-1	0	0	1	FALSE	MuTect2	Pat09_Meta_FFPE_ERR791902
chr10	87960934	C	T	chr10_87960934_C_T	-1	0	0	1	FALSE	MuTect2	Pat09_Meta_FFPE_ERR791902
chr11	108267337	C	T	chr11_108267337_C_T	-1	0	0	1	FALSE	MuTect2	Pat09_Meta_FFPE_ERR791902
chr11	108310237	C	T	chr11_108310237_C_T	-1	0	0	1	FALSE	MuTect2	Pat09_Meta_FFPE_ERR791902
chr11	108347362	C	T	chr11_108347362_C_T	-1	0	0	1	FALSE	MuTect2	Pat09_Meta_FFPE_ERR791902
chr12	25227452	C	T	chr12_25227452_C_T	-1	0	0	1	FALSE	MuTect2	Pat09_Meta_FFPE_ERR791902
chr12	25227462	C	T	chr12_25227462_C_T	-1	0	0	1	FALSE	MuTect2	Pat09_Meta_FFPE_ERR791902
chr12	120994390	C	T	chr12_120994390_C_T	-1	0	0	1	FALSE	MuTect2	Pat09_Meta_FFPE_ERR791902
chr13	48459707	C	T	chr13_48459707_C_T	-1	0	0	1	FALSE	MuTect2	Pat09_Meta_FFPE_ERR791902
chr16	68812320	C	T	chr16_68812320_C_T	-1	0	0	1	FALSE	MuTect2	Pat09_Meta_FFPE_ERR791902
chr17	7674882	C	T	chr17_7674882_C_T	-1	0	0	1	FALSE	MuTect2	Pat09_Meta_FFPE_ERR791902
chr17	7675257	C	T	chr17_7675257_C_T	-1	0	0	1	FALSE	MuTect2	Pat09_Meta_FFPE_ERR791902
chr17	7675277	C	T	chr17_7675277_C_T	-1	0	0	1	FALSE	MuTect2	Pat09_Meta_FFPE_ERR791902
chr17	7676090	C	T	chr17_7676090_C_T	-1	0	0	1	FALSE	MuTect2	Pat09_Meta_FFPE_ERR791902
chr17	7676649	C	T	chr17_7676649_C_T	-1	0	0	1	FALSE	MuTect2	Pat09_Meta_FFPE_ERR791902
chr18	51054916	C	T	chr18_51054916_C_T	-1	0	0	1	FALSE	MuTect2	Pat09_Meta_FFPE_ERR791902
chr18	51054931	C	T	chr18_51054931_C_T	-1	0	-1	1	FALSE	MuTect2	Pat09_Meta_FFPE_ERR791902
chr18	51054933	C	T	chr18_51054933_C_T	-1	0	0	1	FALSE	MuTect2	Pat09_Meta_FFPE_ERR791902
chr19	1220520	G	A	chr19_1220520_G_A	-1	0	0	0	TRUE	MuTect2	Pat09_Meta_FFPE_ERR791902
chr19	1220528	C	T	chr19_1220528_C_T	-1	0	0	0	FALSE	MuTect2	Pat09_Meta_FFPE_ERR791902
chr19	17837311	C	T	chr19_17837311_C_T	-1	0	0	1	FALSE	MuTect2	Pat09_Meta_FFPE_ERR791902
chr20	58909371	C	T	chr20_58909371_C_T	-1	0	-1	1	FALSE	MuTect2	Pat09_Meta_FFPE_ERR791902
chr22	16574645	C	T	chr22_16574645_C_T	-1	0	0	1	FALSE	MuTect2	Pat09_Meta_FFPE_ERR791902
chr22	23801053	C	T	chr22_23801053_C_T	-1	0	0	1	FALSE	MuTect2	Pat09_Meta_FFPE_ERR791902
chr22	23801073	C	T	chr22_23801073_C_T	-1	0	0	1	FALSE	MuTect2	Pat09_Meta_FFPE_ERR791902
chr2	131424135	C	T	chr2_131424135_C_T	-1	0	0	0	FALSE	MuTect2	Pat10_Meta_FFPE_ERR791903
chr2	131424137	C	T	chr2_131424137_C_T	-0.000574303	0.1	-1	0	FALSE	MuTect2	Pat10_Meta_FFPE_ERR791903
chr2	131424160	C	T	chr2_131424160_C_T	0	1	-1	0	FALSE	MuTect2	Pat10_Meta_FFPE_ERR791903
chr3	37025864	C	T	chr3_37025864_C_T	-1	0	0	1	FALSE	MuTect2	Pat10_Meta_FFPE_ERR791903
chr3	107106840	G	A	chr3_107106840_G_A	-0.000434316	1	-1	1	FALSE	MuTect2	Pat10_Meta_FFPE_ERR791903
chr4	54731331	C	T	chr4_54731331_C_T	-1	0	0	1	FALSE	MuTect2	Pat10_Meta_FFPE_ERR791903
chr4	55080090	C	T	chr4_55080090_C_T	-0.000358762	0.1	-1	1	FALSE	MuTect2	Pat10_Meta_FFPE_ERR791903
chr4	152328225	C	T	chr4_152328225_C_T	-1	0	0	1	FALSE	MuTect2	Pat10_Meta_FFPE_ERR791903
chr5	112839474	C	T	chr5_112839474_C_T	-2.19669e-05	0.0606061	-0.3333	1	TRUE	MuTect2	Pat10_Meta_FFPE_ERR791903
chr5	112839567	G	A	chr5_112839567_G_A	-1	0	0	1	FALSE	MuTect2	Pat10_Meta_FFPE_ERR791903
chr5	112839942	C	T	chr5_112839942_C_T	-2.15471e-05	0.1	-1	1	FALSE	MuTect2	Pat10_Meta_FFPE_ERR791903
chr7	66505133	C	T	chr7_66505133_C_T	-2.73717e-10	1	-1	1	FALSE	MuTect2	Pat10_Meta_FFPE_ERR791903
chr7	129206202	C	T	chr7_129206202_C_T	-1	0	0	1	FALSE	MuTect2	Pat10_Meta_FFPE_ERR791903
chr7	129212083	C	T	chr7_129212083_C_T	-0.000463064	1	-1	0	FALSE	MuTect2	Pat10_Meta_FFPE_ERR791903
chr9	21971131	G	A	chr9_21971131_G_A	-1	0	0	1	FALSE	MuTect2	Pat10_Meta_FFPE_ERR791903
chr9	21971135	G	A	chr9_21971135_G_A	-1	0	0	1	FALSE	MuTect2	Pat10_Meta_FFPE_ERR791903
chr9	33675980	C	T	chr9_33675980_C_T	-9.07649e-06	1	-1	0	TRUE	MuTect2	Pat10_Meta_FFPE_ERR791903
chr9	109934435	C	T	chr9_109934435_C_T	-1	0	-1	0	FALSE	MuTect2	Pat10_Meta_FFPE_ERR791903
chr9	109934486	C	T	chr9_109934486_C_T	-0.00189244	0.5	-1	0	FALSE	MuTect2	Pat10_Meta_FFPE_ERR791903
chr10	87952243	C	T	chr10_87952243_C_T	-0.000115687	0.2	-1	1	FALSE	MuTect2	Pat10_Meta_FFPE_ERR791903
chr11	108301709	C	T	chr11_108301709_C_T	-1	0	0	1	FALSE	MuTect2	Pat10_Meta_FFPE_ERR791903
chr12	120994390	C	T	chr12_120994390_C_T	-1	0	0	1	FALSE	MuTect2	Pat10_Meta_FFPE_ERR791903
chr13	28035992	G	A	chr13_28035992_G_A	-1	0	0	1	FALSE	MuTect2	Pat10_Meta_FFPE_ERR791903
chr13	48453069	C	T	chr13_48453069_C_T	-1	0	0	1	FALSE	MuTect2	Pat10_Meta_FFPE_ERR791903
chr16	82104000	G	A	chr16_82104000_G_A	-5.82749e-06	0.666667	-1	0	FALSE	MuTect2	Pat10_Meta_FFPE_ERR791903
chr19	3114882	G	A	chr19_3114882_G_A	-1	0	0	0	FALSE	MuTect2	Pat10_Meta_FFPE_ERR791903
chr1	114716130	C	T	chr1_114716130_C_T	-1	0	0	1	FALSE	MuTect2	Pat11_Meta_FFPE_ERR791905
chr2	126766623	G	A	chr2_126766623_G_A	-2.16225e-10	1	-1	0	FALSE	MuTect2	Pat11_Meta_FFPE_ERR791905
chr2	131423927	C	T	chr2_131423927_C_T	-1	0	-1	1	FALSE	MuTect2	Pat11_Meta_FFPE_ERR791905
chr3	37025834	C	T	chr3_37025834_C_T	-1	0	0	1	FALSE	MuTect2	Pat11_Meta_FFPE_ERR791905
chr3	37025848	C	T	chr3_37025848_C_T	-1	0	0	1	FALSE	MuTect2	Pat11_Meta_FFPE_ERR791905
chr3	179199115	C	T	chr3_179199115_C_T	-1	0	0	1	FALSE	MuTect2	Pat11_Meta_FFPE_ERR791905
chr4	1806593	C	T	chr4_1806593_C_T	-1	0	0	0	FALSE	MuTect2	Pat11_Meta_FFPE_ERR791905
chr4	1807327	C	T	chr4_1807327_C_T	-1	0	0	0	FALSE	MuTect2	Pat11_Meta_FFPE_ERR791905
chr4	1807329	C	T	chr4_1807329_C_T	-1	0	0	1	FALSE	MuTect2	Pat11_Meta_FFPE_ERR791905
chr4	54278497	C	T	chr4_54278497_C_T	-1	0	0	1	FALSE	MuTect2	Pat11_Meta_FFPE_ERR791905
chr4	152337846	C	T	chr4_152337846_C_T	-1	0	0	1	FALSE	MuTect2	Pat11_Meta_FFPE_ERR791905
chr5	112839980	G	A	chr5_112839980_G_A	-1	0	-1	1	FALSE	MuTect2	Pat11_Meta_FFPE_ERR791905
chr5	150054155	C	T	chr5_150054155_C_T	-1	0	0	1	FALSE	MuTect2	Pat11_Meta_FFPE_ERR791905
chr5	177096316	C	T	chr5_177096316_C_T	-0.00032992	1	-1	1	TRUE	MuTect2	Pat11_Meta_FFPE_ERR791905
chr7	55174839	G	A	chr7_55174839_G_A	-1	0	0	0	FALSE	MuTect2	Pat11_Meta_FFPE_ERR791905
chr7	55174849	C	T	chr7_55174849_C_T	-1	0	0	1	FALSE	MuTect2	Pat11_Meta_FFPE_ERR791905
chr7	66505063	G	A	chr7_66505063_G_A	-1	0	0	1	FALSE	MuTect2	Pat11_Meta_FFPE_ERR791905
chr7	129210593	C	T	chr7_129210593_C_T	-1	0	0	0	FALSE	MuTect2	Pat11_Meta_FFPE_ERR791905
chr7	129211767	C	T	chr7_129211767_C_T	-1	0	0	1	FALSE	MuTect2	Pat11_Meta_FFPE_ERR791905
chr7	140753335	C	T	chr7_140753335_C_T	-1	0	0	1	FALSE	MuTect2	Pat11_Meta_FFPE_ERR791905
chr9	21971131	G	A	chr9_21971131_G_A	-1	0	0	1	FALSE	MuTect2	Pat11_Meta_FFPE_ERR791905
chr9	21971134	G	A	chr9_21971134_G_A	-1	0	0	1	FALSE	MuTect2	Pat11_Meta_FFPE_ERR791905
chr9	33675980	C	T	chr9_33675980_C_T	-2.38517e-05	1	-1	0	TRUE	MuTect2	Pat11_Meta_FFPE_ERR791905
chr9	130863009	C	T	chr9_130863009_C_T	-1	0	0	1	FALSE	MuTect2	Pat11_Meta_FFPE_ERR791905
chr9	130863013	C	T	chr9_130863013_C_T	-1	0	0	1	FALSE	MuTect2	Pat11_Meta_FFPE_ERR791905
chr10	87952166	C	T	chr10_87952166_C_T	-1	0	0	1	FALSE	MuTect2	Pat11_Meta_FFPE_ERR791905
chr10	87957801	C	T	chr10_87957801_C_T	-1	0	0	1	FALSE	MuTect2	Pat11_Meta_FFPE_ERR791905
chr10	121498562	C	T	chr10_121498562_C_T	-1	0	-1	1	FALSE	MuTect2	Pat11_Meta_FFPE_ERR791905
chr11	108252848	C	T	chr11_108252848_C_T	-1	0	0	1	FALSE	MuTect2	Pat11_Meta_FFPE_ERR791905
chr11	108302942	C	T	chr11_108302942_C_T	-1	0	0	1	FALSE	MuTect2	Pat11_Meta_FFPE_ERR791905
chr11	108347380	C	T	chr11_108347380_C_T	-1	0	0	1	FALSE	MuTect2	Pat11_Meta_FFPE_ERR791905
chr17	7670695	G	A	chr17_7670695_G_A	-1	0	0	1	FALSE	MuTect2	Pat11_Meta_FFPE_ERR791905
chr17	7674936	C	T	chr17_7674936_C_T	-1	0	0	1	FALSE	MuTect2	Pat11_Meta_FFPE_ERR791905
chr17	7676145	G	A	chr17_7676145_G_A	-1	0	0	1	FALSE	MuTect2	Pat11_Meta_FFPE_ERR791905
chr19	1220490	C	T	chr19_1220490_C_T	-1	0	-1	0	FALSE	MuTect2	Pat11_Meta_FFPE_ERR791905
chr19	1220502	C	T	chr19_1220502_C_T	-1	0	0	0	FALSE	MuTect2	Pat11_Meta_FFPE_ERR791905
chr19	17834976	G	A	chr19_17834976_G_A	-1	0	0	1	FALSE	MuTect2	Pat11_Meta_FFPE_ERR791905
chr19	17834986	G	A	chr19_17834986_G_A	-1	0	0	1	FALSE	MuTect2	Pat11_Meta_FFPE_ERR791905
chr22	23834265	G	A	chr22_23834265_G_A	-1	0	-1	1	FALSE	MuTect2	Pat11_Meta_FFPE_ERR791905
chr22	23834272	G	A	chr22_23834272_G_A	-1	0	-1	1	FALSE	MuTect2	Pat11_Meta_FFPE_ERR791905
chr22	41178742	C	T	chr22_41178742_C_T	-1.70818e-10	1	-1	0	FALSE	MuTect2	Pat11_Meta_FFPE_ERR791905
chr2	29220836	C	T	chr2_29220836_C_T	-0.000202509	0.133333	-1	1	FALSE	MuTect2	Pat12_Meta_FFPE_ERR791907
chr2	131424160	C	T	chr2_131424160_C_T	0	1	-1	0	FALSE	MuTect2	Pat12_Meta_FFPE_ERR791907
chr3	10142236	C	T	chr3_10142236_C_T	-1	0	0	1	FALSE	MuTect2	Pat12_Meta_FFPE_ERR791907
chr3	37025857	C	T	chr3_37025857_C_T	-1	0	0	1	FALSE	MuTect2	Pat12_Meta_FFPE_ERR791907
chr3	41224610	C	T	chr3_41224610_C_T	-0.000173225	0.142857	-1	1	FALSE	MuTect2	Pat12_Meta_FFPE_ERR791907
chr3	41224678	G	A	chr3_41224678_G_A	-1	0	0	1	FALSE	MuTect2	Pat12_Meta_FFPE_ERR791907
chr3	179221112	C	T	chr3_179221112_C_T	-1	0	0	1	FALSE	MuTect2	Pat12_Meta_FFPE_ERR791907
chr3	179234122	C	T	chr3_179234122_C_T	-3.41361e-05	0.285714	-1	1	FALSE	MuTect2	Pat12_Meta_FFPE_ERR791907
chr3	179234131	C	T	chr3_179234131_C_T	-1	0	0	1	FALSE	MuTect2	Pat12_Meta_FFPE_ERR791907
chr3	179234141	C	T	chr3_179234141_C_T	-3.432e-05	0.285714	-1	1	FALSE	MuTect2	Pat12_Meta_FFPE_ERR791907
chr4	54726131	C	T	chr4_54726131_C_T	-1	0	0	1	FALSE	MuTect2	Pat12_Meta_FFPE_ERR791907
chr4	54727529	C	T	chr4_54727529_C_T	-1	0	0	1	FALSE	MuTect2	Pat12_Meta_FFPE_ERR791907
chr4	55113552	C	T	chr4_55113552_C_T	-9.6032e-05	0.25	-1	1	FALSE	MuTect2	Pat12_Meta_FFPE_ERR791907
chr4	152329786	C	T	chr4_152329786_C_T	-1	0	0	1	FALSE	MuTect2	Pat12_Meta_FFPE_ERR791907
chr5	112838237	C	T	chr5_112838237_C_T	-1	0	0	1	FALSE	MuTect2	Pat12_Meta_FFPE_ERR791907
chr5	112839785	G	A	chr5_112839785_G_A	-1	0	0	1	FALSE	MuTect2	Pat12_Meta_FFPE_ERR791907
chr7	55154170	G	A	chr7_55154170_G_A	-1	0	0	1	FALSE	MuTect2	Pat12_Meta_FFPE_ERR791907
chr7	55174028	C	T	chr7_55174028_C_T	-1	0	0	1	FALSE	MuTect2	Pat12_Meta_FFPE_ERR791907
chr7	55174064	C	T	chr7_55174064_C_T	-1	0	0	1	FALSE	MuTect2	Pat12_Meta_FFPE_ERR791907
chr7	116700227	C	T	chr7_116700227_C_T	-0.00678581	0.166667	-1	1	FALSE	MuTect2	Pat12_Meta_FFPE_ERR791907
chr7	116700254	C	T	chr7_116700254_C_T	-1	0	0	1	FALSE	MuTect2	Pat12_Meta_FFPE_ERR791907
chr7	116772021	C	T	chr7_116772021_C_T	-1	0	0	1	FALSE	MuTect2	Pat12_Meta_FFPE_ERR791907
chr7	116772032	C	T	chr7_116772032_C_T	-0.0150768	0.0833333	-1	1	FALSE	MuTect2	Pat12_Meta_FFPE_ERR791907
chr7	129210605	C	T	chr7_129210605_C_T	-1	0	-1	0	FALSE	MuTect2	Pat12_Meta_FFPE_ERR791907
chr9	33675980	C	T	chr9_33675980_C_T	-9.07649e-06	1	-1	0	TRUE	MuTect2	Pat12_Meta_FFPE_ERR791907
chr9	77728517	C	T	chr9_77728517_C_T	-1	0	0	1	FALSE	MuTect2	Pat12_Meta_FFPE_ERR791907
chr9	77794473	G	A	chr9_77794473_G_A	-1	0	-1	0	FALSE	MuTect2	Pat12_Meta_FFPE_ERR791907
chr9	130872852	G	A	chr9_130872852_G_A	-1	0	0	1	FALSE	MuTect2	Pat12_Meta_FFPE_ERR791907
chr9	130872970	C	T	chr9_130872970_C_T	-1	0	0	1	FALSE	MuTect2	Pat12_Meta_FFPE_ERR791907
chr10	43120113	C	T	chr10_43120113_C_T	-1	0	0	1	FALSE	MuTect2	Pat12_Meta_FFPE_ERR791907
chr10	87925583	C	T	chr10_87925583_C_T	-1	0	0	1	FALSE	MuTect2	Pat12_Meta_FFPE_ERR791907
chr11	534328	C	T	chr11_534328_C_T	-1	0	0	1	FALSE	MuTect2	Pat12_Meta_FFPE_ERR791907
chr11	534396	C	T	chr11_534396_C_T	-1	0	0	1	FALSE	MuTect2	Pat12_Meta_FFPE_ERR791907
chr11	108299859	C	T	chr11_108299859_C_T	-1	0	0	1	FALSE	MuTect2	Pat12_Meta_FFPE_ERR791907
chr11	108301779	C	T	chr11_108301779_C_T	-1	0	0	0	FALSE	MuTect2	Pat12_Meta_FFPE_ERR791907
chr11	108303006	C	T	chr11_108303006_C_T	-1	0	0	1	FALSE	MuTect2	Pat12_Meta_FFPE_ERR791907
chr11	108303025	G	A	chr11_108303025_G_A	-1	0	0	1	FALSE	MuTect2	Pat12_Meta_FFPE_ERR791907
chr11	108330289	C	T	chr11_108330289_C_T	-1	0	0	1	FALSE	MuTect2	Pat12_Meta_FFPE_ERR791907
chr12	25225711	C	T	chr12_25225711_C_T	-1	0	0	1	FALSE	MuTect2	Pat12_Meta_FFPE_ERR791907
chr12	120994391	C	T	chr12_120994391_C_T	-1	0	-1	1	FALSE	MuTect2	Pat12_Meta_FFPE_ERR791907
chr13	28018481	C	T	chr13_28018481_C_T	-1	0	0	1	FALSE	MuTect2	Pat12_Meta_FFPE_ERR791907
chr13	48345139	C	T	chr13_48345139_C_T	-1	0	-1	1	FALSE	MuTect2	Pat12_Meta_FFPE_ERR791907
chr13	48349101	C	T	chr13_48349101_C_T	-0.00316843	0.333333	-1	1	FALSE	MuTect2	Pat12_Meta_FFPE_ERR791907
chr13	48368588	C	T	chr13_48368588_C_T	-1	0	0	1	FALSE	MuTect2	Pat12_Meta_FFPE_ERR791907
chr13	48368616	C	T	chr13_48368616_C_T	-1	0	0	1	FALSE	MuTect2	Pat12_Meta_FFPE_ERR791907
chr13	48465101	C	T	chr13_48465101_C_T	-1	0	0	1	FALSE	MuTect2	Pat12_Meta_FFPE_ERR791907
chr14	104780215	C	T	chr14_104780215_C_T	-1	0	0	1	FALSE	MuTect2	Pat12_Meta_FFPE_ERR791907
chr15	45587114	G	A	chr15_45587114_G_A	-2.38517e-05	1	0	0	FALSE	MuTect2	Pat12_Meta_FFPE_ERR791907
chr15	45587142	C	T	chr15_45587142_C_T	-0.000352822	1	0	0	FALSE	MuTect2	Pat12_Meta_FFPE_ERR791907
chr16	68812317	G	A	chr16_68812317_G_A	-1	0	0	1	FALSE	MuTect2	Pat12_Meta_FFPE_ERR791907
chr17	7673703	C	T	chr17_7673703_C_T	-1	0	0	1	FALSE	MuTect2	Pat12_Meta_FFPE_ERR791907
chr17	7673765	C	T	chr17_7673765_C_T	-1	0	0	1	FALSE	MuTect2	Pat12_Meta_FFPE_ERR791907
chr17	7673776	G	A	chr17_7673776_G_A	-7.99494e-12	0.428571	-1	1	TRUE	MuTect2	Pat12_Meta_FFPE_ERR791907
chr17	7674302	C	T	chr17_7674302_C_T	-1	0	-1	1	FALSE	MuTect2	Pat12_Meta_FFPE_ERR791907
chr17	39724052	C	T	chr17_39724052_C_T	-1	0	0	1	FALSE	MuTect2	Pat12_Meta_FFPE_ERR791907
chr18	51067057	G	A	chr18_51067057_G_A	-1	0	0	1	FALSE	MuTect2	Pat12_Meta_FFPE_ERR791907
chr19	1221295	G	A	chr19_1221295_G_A	-1	0	0	1	FALSE	MuTect2	Pat12_Meta_FFPE_ERR791907
chr19	1221374	G	A	chr19_1221374_G_A	-1	0	0	1	FALSE	MuTect2	Pat12_Meta_FFPE_ERR791907
chr19	3119265	G	A	chr19_3119265_G_A	-1	0	-1	1	FALSE	MuTect2	Pat12_Meta_FFPE_ERR791907
chr19	17837268	C	T	chr19_17837268_C_T	-1	0	0	1	FALSE	MuTect2	Pat12_Meta_FFPE_ERR791907
chr20	37403453	C	T	chr20_37403453_C_T	-1	0	0	0	FALSE	MuTect2	Pat12_Meta_FFPE_ERR791907
chr22	16574666	C	T	chr22_16574666_C_T	-1	0	0	1	FALSE	MuTect2	Pat12_Meta_FFPE_ERR791907
chr22	23791806	C	T	chr22_23791806_C_T	-1	0	-1	1	FALSE	MuTect2	Pat12_Meta_FFPE_ERR791907
chr22	23791810	C	T	chr22_23791810_C_T	-1	0	0	1	FALSE	MuTect2	Pat12_Meta_FFPE_ERR791907
chr2	211665423	C	T	chr2_211665423_C_T	-1	0	0	1	TRUE	MuTect2	Pat14_Meta_FFPE_ERR791909
chr3	10142111	G	A	chr3_10142111_G_A	-1	0	0	1	FALSE	MuTect2	Pat14_Meta_FFPE_ERR791909
chr3	10146651	C	T	chr3_10146651_C_T	-1	0	-1	1	FALSE	MuTect2	Pat14_Meta_FFPE_ERR791909
chr3	37025800	G	A	chr3_37025800_G_A	-1	0	-1	1	FALSE	MuTect2	Pat14_Meta_FFPE_ERR791909
chr4	54731355	C	T	chr4_54731355_C_T	-1	0	0	1	FALSE	MuTect2	Pat14_Meta_FFPE_ERR791909
chr4	55089013	C	T	chr4_55089013_C_T	-1	0	0	1	FALSE	MuTect2	Pat14_Meta_FFPE_ERR791909
chr4	152324340	C	T	chr4_152324340_C_T	-1	0	0	1	FALSE	MuTect2	Pat14_Meta_FFPE_ERR791909
chr7	55174077	C	T	chr7_55174077_C_T	-1	0	0	1	FALSE	MuTect2	Pat14_Meta_FFPE_ERR791909
chr7	66505419	G	A	chr7_66505419_G_A	-0.000114779	0.142857	-1	1	FALSE	MuTect2	Pat14_Meta_FFPE_ERR791909
chr7	116772021	C	T	chr7_116772021_C_T	-1	0	0	1	FALSE	MuTect2	Pat14_Meta_FFPE_ERR791909
chr7	116777461	C	T	chr7_116777461_C_T	-1	0	0	1	FALSE	MuTect2	Pat14_Meta_FFPE_ERR791909
chr7	116777462	C	T	chr7_116777462_C_T	-1	0	0	1	FALSE	MuTect2	Pat14_Meta_FFPE_ERR791909
chr7	116777518	C	T	chr7_116777518_C_T	-1	0	0	1	FALSE	MuTect2	Pat14_Meta_FFPE_ERR791909
chr9	33675980	C	T	chr9_33675980_C_T	-9.07649e-06	1	-1	0	FALSE	MuTect2	Pat14_Meta_FFPE_ERR791909
chr9	77794662	C	T	chr9_77794662_C_T	-1	0	0	1	FALSE	MuTect2	Pat14_Meta_FFPE_ERR791909
chr9	77797620	C	T	chr9_77797620_C_T	-1	0	0	1	FALSE	MuTect2	Pat14_Meta_FFPE_ERR791909
chr9	130872119	C	T	chr9_130872119_C_T	-1	0	-1	1	FALSE	MuTect2	Pat14_Meta_FFPE_ERR791909
chr9	130872141	G	A	chr9_130872141_G_A	-1	0	-1	1	FALSE	MuTect2	Pat14_Meta_FFPE_ERR791909
chr9	130872213	G	A	chr9_130872213_G_A	-1	0	0	1	FALSE	MuTect2	Pat14_Meta_FFPE_ERR791909
chr10	43113632	C	T	chr10_43113632_C_T	-1	0	0	1	FALSE	MuTect2	Pat14_Meta_FFPE_ERR791909
chr10	43114576	G	A	chr10_43114576_G_A	-1	0	-1	1	FALSE	MuTect2	Pat14_Meta_FFPE_ERR791909
chr10	43118487	C	T	chr10_43118487_C_T	-1	0	0	1	FALSE	MuTect2	Pat14_Meta_FFPE_ERR791909
chr10	87864484	C	T	chr10_87864484_C_T	-1	0	0	1	FALSE	MuTect2	Pat14_Meta_FFPE_ERR791909
chr11	108330233	C	T	chr11_108330233_C_T	-1	0	0	1	FALSE	MuTect2	Pat14_Meta_FFPE_ERR791909
chr11	108335136	C	T	chr11_108335136_C_T	-1	0	0	1	FALSE	MuTect2	Pat14_Meta_FFPE_ERR791909
chr12	25227372	C	T	chr12_25227372_C_T	-1	0	0	1	FALSE	MuTect2	Pat14_Meta_FFPE_ERR791909
chr13	48453086	C	T	chr13_48453086_C_T	-0.0031622	0.2	-1	1	FALSE	MuTect2	Pat14_Meta_FFPE_ERR791909
chr13	48459730	G	A	chr13_48459730_G_A	-1	0	0	1	FALSE	MuTect2	Pat14_Meta_FFPE_ERR791909
chr13	48459735	C	T	chr13_48459735_C_T	-1	0	0	1	FALSE	MuTect2	Pat14_Meta_FFPE_ERR791909
chr13	48463839	G	A	chr13_48463839_G_A	-1	0	0	1	FALSE	MuTect2	Pat14_Meta_FFPE_ERR791909
chr17	7674945	G	A	chr17_7674945_G_A	0	0.307692	-1	1	FALSE	MuTect2	Pat14_Meta_FFPE_ERR791909
chr17	7675270	C	T	chr17_7675270_C_T	-1	0	0	1	FALSE	MuTect2	Pat14_Meta_FFPE_ERR791909
chr17	7676603	C	T	chr17_7676603_C_T	-1	0	0	1	FALSE	MuTect2	Pat14_Meta_FFPE_ERR791909
chr17	7676604	C	T	chr17_7676604_C_T	-1	0	0	1	FALSE	MuTect2	Pat14_Meta_FFPE_ERR791909
chr19	1220520	G	A	chr19_1220520_G_A	-1	0	0	1	TRUE	MuTect2	Pat14_Meta_FFPE_ERR791909
chr19	3118852	G	A	chr19_3118852_G_A	-1	0	0	1	FALSE	MuTect2	Pat14_Meta_FFPE_ERR791909
chr22	16572108	C	T	chr22_16572108_C_T	-1	0	0	1	FALSE	MuTect2	Pat14_Meta_FFPE_ERR791909
