mutation_type	trinucleotide	Pat04_Prim_FFPE_ERR791897
C>A	ACA	0
C>A	ACC	1
C>A	ACG	0
C>A	ACT	0
C>A	CCA	0
C>A	CCC	0
C>A	CCG	0
C>A	CCT	0
C>A	GCA	0
C>A	GCC	1
C>A	GCG	0
C>A	GCT	0
C>A	TCA	0
C>A	TCC	0
C>A	TCG	2
C>A	TCT	1
C>G	ACA	0
C>G	ACC	0
C>G	ACG	0
C>G	ACT	1
C>G	CCA	0
C>G	CCC	0
C>G	CCG	1
C>G	CCT	0
C>G	GCA	0
C>G	GCC	0
C>G	GCG	0
C>G	GCT	0
C>G	TCA	0
C>G	TCC	0
C>G	TCG	0
C>G	TCT	0
C>T	ACA	6
C>T	ACC	3
C>T	ACG	0
C>T	ACT	3
C>T	CCA	3
C>T	CCC	2
C>T	CCG	3
C>T	CCT	1
C>T	GCA	5
C>T	GCC	1
C>T	GCG	1
C>T	GCT	5
C>T	TCA	3
C>T	TCC	5
C>T	TCG	0
C>T	TCT	7
T>A	ATA	0
T>A	ATC	0
T>A	ATG	0
T>A	ATT	0
T>A	CTA	0
T>A	CTC	0
T>A	CTG	0
T>A	CTT	1
T>A	GTA	0
T>A	GTC	0
T>A	GTG	0
T>A	GTT	0
T>A	TTA	0
T>A	TTC	0
T>A	TTG	1
T>A	TTT	1
T>C	ATA	1
T>C	ATC	3
T>C	ATG	4
T>C	ATT	1
T>C	CTA	2
T>C	CTC	2
T>C	CTG	4
T>C	CTT	2
T>C	GTA	1
T>C	GTC	0
T>C	GTG	1
T>C	GTT	2
T>C	TTA	0
T>C	TTC	0
T>C	TTG	1
T>C	TTT	3
T>G	ATA	0
T>G	ATC	0
T>G	ATG	2
T>G	ATT	0
T>G	CTA	0
T>G	CTC	0
T>G	CTG	0
T>G	CTT	0
T>G	GTA	0
T>G	GTC	0
T>G	GTG	0
T>G	GTT	0
T>G	TTA	0
T>G	TTC	0
T>G	TTG	0
T>G	TTT	0
