mutation_type	trinucleotide	Pat12_Meta_Frozen_ERR791911
C>A	ACA	1
C>A	ACC	0
C>A	ACG	0
C>A	ACT	0
C>A	CCA	1
C>A	CCC	0
C>A	CCG	0
C>A	CCT	0
C>A	GCA	0
C>A	GCC	0
C>A	GCG	0
C>A	GCT	1
C>A	TCA	0
C>A	TCC	0
C>A	TCG	0
C>A	TCT	0
C>G	ACA	0
C>G	ACC	0
C>G	ACG	0
C>G	ACT	0
C>G	CCA	0
C>G	CCC	0
C>G	CCG	0
C>G	CCT	0
C>G	GCA	0
C>G	GCC	0
C>G	GCG	0
C>G	GCT	0
C>G	TCA	0
C>G	TCC	0
C>G	TCG	0
C>G	TCT	0
C>T	ACA	3
C>T	ACC	0
C>T	ACG	2
C>T	ACT	0
C>T	CCA	0
C>T	CCC	0
C>T	CCG	2
C>T	CCT	0
C>T	GCA	0
C>T	GCC	1
C>T	GCG	2
C>T	GCT	1
C>T	TCA	2
C>T	TCC	3
C>T	TCG	0
C>T	TCT	0
T>A	ATA	1
T>A	ATC	0
T>A	ATG	1
T>A	ATT	0
T>A	CTA	0
T>A	CTC	3
T>A	CTG	1
T>A	CTT	1
T>A	GTA	1
T>A	GTC	0
T>A	GTG	0
T>A	GTT	1
T>A	TTA	3
T>A	TTC	2
T>A	TTG	2
T>A	TTT	0
T>C	ATA	2
T>C	ATC	5
T>C	ATG	7
T>C	ATT	3
T>C	CTA	3
T>C	CTC	2
T>C	CTG	5
T>C	CTT	10
T>C	GTA	3
T>C	GTC	2
T>C	GTG	6
T>C	GTT	3
T>C	TTA	2
T>C	TTC	7
T>C	TTG	1
T>C	TTT	2
T>G	ATA	0
T>G	ATC	1
T>G	ATG	0
T>G	ATT	0
T>G	CTA	0
T>G	CTC	0
T>G	CTG	0
T>G	CTT	0
T>G	GTA	0
T>G	GTC	0
T>G	GTG	0
T>G	GTT	2
T>G	TTA	0
T>G	TTC	0
T>G	TTG	0
T>G	TTT	0
