mutation_type	trinucleotide	Pat12_Meta_FFPE_ERR791907
C>A	ACA	0
C>A	ACC	0
C>A	ACG	1
C>A	ACT	2
C>A	CCA	0
C>A	CCC	0
C>A	CCG	0
C>A	CCT	0
C>A	GCA	0
C>A	GCC	0
C>A	GCG	0
C>A	GCT	2
C>A	TCA	0
C>A	TCC	3
C>A	TCG	2
C>A	TCT	0
C>G	ACA	0
C>G	ACC	1
C>G	ACG	0
C>G	ACT	0
C>G	CCA	0
C>G	CCC	0
C>G	CCG	0
C>G	CCT	0
C>G	GCA	0
C>G	GCC	0
C>G	GCG	0
C>G	GCT	0
C>G	TCA	0
C>G	TCC	0
C>G	TCG	1
C>G	TCT	0
C>T	ACA	10
C>T	ACC	3
C>T	ACG	1
C>T	ACT	3
C>T	CCA	3
C>T	CCC	4
C>T	CCG	1
C>T	CCT	6
C>T	GCA	1
C>T	GCC	1
C>T	GCG	2
C>T	GCT	8
C>T	TCA	6
C>T	TCC	4
C>T	TCG	4
C>T	TCT	7
T>A	ATA	4
T>A	ATC	2
T>A	ATG	0
T>A	ATT	1
T>A	CTA	1
T>A	CTC	2
T>A	CTG	1
T>A	CTT	1
T>A	GTA	2
T>A	GTC	1
T>A	GTG	1
T>A	GTT	2
T>A	TTA	0
T>A	TTC	0
T>A	TTG	1
T>A	TTT	1
T>C	ATA	1
T>C	ATC	0
T>C	ATG	5
T>C	ATT	2
T>C	CTA	0
T>C	CTC	0
T>C	CTG	5
T>C	CTT	3
T>C	GTA	3
T>C	GTC	4
T>C	GTG	2
T>C	GTT	0
T>C	TTA	1
T>C	TTC	1
T>C	TTG	1
T>C	TTT	2
T>G	ATA	0
T>G	ATC	0
T>G	ATG	0
T>G	ATT	0
T>G	CTA	1
T>G	CTC	0
T>G	CTG	0
T>G	CTT	1
T>G	GTA	0
T>G	GTC	1
T>G	GTG	0
T>G	GTT	1
T>G	TTA	0
T>G	TTC	0
T>G	TTG	0
T>G	TTT	0
