chrom	pos	ref	alt	sample_id	mutation_type	trinucleotide
chr1	43349347	C	T	Pat14_Prim_FFPE_ERR791910	C>T	CCT
chr1	43349405	C	T	Pat14_Prim_FFPE_ERR791910	C>T	GCC
chr1	43349448	C	T	Pat14_Prim_FFPE_ERR791910	C>T	CCA
chr1	66336353	C	T	Pat14_Prim_FFPE_ERR791910	C>T	CCC
chr1	114716196	C	T	Pat14_Prim_FFPE_ERR791910	C>T	TCA
chr2	101025749	A	C	Pat14_Prim_FFPE_ERR791910	T>G	TTG
chr2	131423736	C	T	Pat14_Prim_FFPE_ERR791910	C>T	TCT
chr2	131423748	C	T	Pat14_Prim_FFPE_ERR791910	C>T	TCA
chr2	131423755	C	T	Pat14_Prim_FFPE_ERR791910	C>T	CCC
chr2	131423887	T	C	Pat14_Prim_FFPE_ERR791910	T>C	ATG
chr2	211722512	C	T	Pat14_Prim_FFPE_ERR791910	C>T	ACT
chr2	211947447	C	T	Pat14_Prim_FFPE_ERR791910	C>T	TCC
chr3	10146571	C	T	Pat14_Prim_FFPE_ERR791910	C>T	ACT
chr3	10146591	C	T	Pat14_Prim_FFPE_ERR791910	C>T	TCT
chr3	10149811	T	C	Pat14_Prim_FFPE_ERR791910	T>C	CTC
chr3	10149812	C	T	Pat14_Prim_FFPE_ERR791910	C>T	TCC
chr3	10149866	C	T	Pat14_Prim_FFPE_ERR791910	C>T	TCA
chr3	179218290	C	T	Pat14_Prim_FFPE_ERR791910	C>T	TCT
chr3	179221071	C	T	Pat14_Prim_FFPE_ERR791910	C>T	GCA
chr3	179221084	A	T	Pat14_Prim_FFPE_ERR791910	T>A	CTA
chr4	1801842	C	T	Pat14_Prim_FFPE_ERR791910	C>T	CCC
chr4	1801865	C	T	Pat14_Prim_FFPE_ERR791910	C>T	GCG
chr4	1806601	C	T	Pat14_Prim_FFPE_ERR791910	C>T	CCC
chr4	1806606	C	T	Pat14_Prim_FFPE_ERR791910	C>T	GCA
chr4	1806705	C	T	Pat14_Prim_FFPE_ERR791910	C>T	TCC
chr4	54274861	C	T	Pat14_Prim_FFPE_ERR791910	C>T	GCT
chr4	54274875	A	G	Pat14_Prim_FFPE_ERR791910	T>C	GTA
chr4	54278399	A	G	Pat14_Prim_FFPE_ERR791910	T>C	GTG
chr4	54278409	A	T	Pat14_Prim_FFPE_ERR791910	T>A	CTA
chr4	54278480	C	T	Pat14_Prim_FFPE_ERR791910	C>T	TCT
chr4	54285984	C	T	Pat14_Prim_FFPE_ERR791910	C>T	ACT
chr4	54285990	A	G	Pat14_Prim_FFPE_ERR791910	T>C	CTG
chr4	54726092	C	T	Pat14_Prim_FFPE_ERR791910	C>T	TCT
chr4	54727210	C	T	Pat14_Prim_FFPE_ERR791910	C>T	CCA
chr4	54727236	C	T	Pat14_Prim_FFPE_ERR791910	C>T	ACC
chr4	54728070	C	T	Pat14_Prim_FFPE_ERR791910	C>T	CCT
chr4	54728113	C	T	Pat14_Prim_FFPE_ERR791910	C>T	ACC
chr4	54729366	C	T	Pat14_Prim_FFPE_ERR791910	C>T	GCT
chr4	55088943	C	T	Pat14_Prim_FFPE_ERR791910	C>T	CCC
chr4	55088950	C	T	Pat14_Prim_FFPE_ERR791910	C>T	CCA
chr4	55088973	C	T	Pat14_Prim_FFPE_ERR791910	C>T	ACC
chr4	55113464	A	T	Pat14_Prim_FFPE_ERR791910	T>A	CTA
chr4	55113491	A	G	Pat14_Prim_FFPE_ERR791910	T>C	ATG
chr4	55113531	C	T	Pat14_Prim_FFPE_ERR791910	C>T	CCC
chr4	152326192	C	T	Pat14_Prim_FFPE_ERR791910	C>T	CCC
chr4	152326214	C	T	Pat14_Prim_FFPE_ERR791910	C>T	TCG
chr4	152328275	C	T	Pat14_Prim_FFPE_ERR791910	C>T	CCA
chr4	152329736	C	T	Pat14_Prim_FFPE_ERR791910	C>T	ACC
chr4	152329834	T	C	Pat14_Prim_FFPE_ERR791910	T>C	CTT
chr4	152329843	C	T	Pat14_Prim_FFPE_ERR791910	C>T	ACT
chr4	152337846	C	T	Pat14_Prim_FFPE_ERR791910	C>T	TCT
chr5	112839826	G	A	Pat14_Prim_FFPE_ERR791910	C>T	ACT
chr5	112840278	G	A	Pat14_Prim_FFPE_ERR791910	C>T	GCA
chr5	150073480	C	T	Pat14_Prim_FFPE_ERR791910	C>T	TCA
chr5	171410610	C	T	Pat14_Prim_FFPE_ERR791910	C>T	TCA
chr5	171410613	T	C	Pat14_Prim_FFPE_ERR791910	T>C	TTT
chr6	116766685	A	C	Pat14_Prim_FFPE_ERR791910	T>G	CTC
chr7	55154228	A	G	Pat14_Prim_FFPE_ERR791910	T>C	TTT
chr7	55181364	C	T	Pat14_Prim_FFPE_ERR791910	C>T	CCG
chr7	55181369	A	G	Pat14_Prim_FFPE_ERR791910	T>C	CTG
chr7	66505369	C	T	Pat14_Prim_FFPE_ERR791910	C>T	CCA
chr7	66505372	C	T	Pat14_Prim_FFPE_ERR791910	C>T	CCA
chr7	66505402	C	T	Pat14_Prim_FFPE_ERR791910	C>T	GCA
chr7	116783399	C	T	Pat14_Prim_FFPE_ERR791910	C>T	GCA
chr7	129206302	C	T	Pat14_Prim_FFPE_ERR791910	C>T	TCC
chr7	129206307	T	C	Pat14_Prim_FFPE_ERR791910	T>C	CTT
chr7	129206637	A	G	Pat14_Prim_FFPE_ERR791910	T>C	CTC
chr7	129206665	C	T	Pat14_Prim_FFPE_ERR791910	C>T	GCA
chr7	129210589	C	T	Pat14_Prim_FFPE_ERR791910	C>T	ACC
chr7	129210607	C	T	Pat14_Prim_FFPE_ERR791910	C>T	CCA
chr7	140753321	C	T	Pat14_Prim_FFPE_ERR791910	C>T	ACT
chr8	38424696	C	T	Pat14_Prim_FFPE_ERR791910	C>T	CCG
chr8	38428398	A	G	Pat14_Prim_FFPE_ERR791910	T>C	CTT
chr8	38428506	C	T	Pat14_Prim_FFPE_ERR791910	C>T	TCC
chr8	38428527	C	T	Pat14_Prim_FFPE_ERR791910	C>T	TCC
chr9	5073814	C	T	Pat14_Prim_FFPE_ERR791910	C>T	CCT
chr9	5073820	C	T	Pat14_Prim_FFPE_ERR791910	C>T	TCA
chr9	5073866	C	T	Pat14_Prim_FFPE_ERR791910	C>T	ACA
chr9	21971131	G	A	Pat14_Prim_FFPE_ERR791910	C>T	TCG
chr9	21971133	C	T	Pat14_Prim_FFPE_ERR791910	C>T	GCG
chr9	21971134	G	A	Pat14_Prim_FFPE_ERR791910	C>T	CCG
chr9	77721261	C	T	Pat14_Prim_FFPE_ERR791910	C>T	TCC
chr9	77721277	C	T	Pat14_Prim_FFPE_ERR791910	C>T	TCA
chr9	77721288	C	T	Pat14_Prim_FFPE_ERR791910	C>T	CCA
chr9	77721374	G	A	Pat14_Prim_FFPE_ERR791910	C>T	CCG
chr9	77794612	C	T	Pat14_Prim_FFPE_ERR791910	C>T	TCA
chr9	77797530	C	T	Pat14_Prim_FFPE_ERR791910	C>T	ACA
chr9	77797638	C	T	Pat14_Prim_FFPE_ERR791910	C>T	TCA
chr9	130863047	C	T	Pat14_Prim_FFPE_ERR791910	C>T	ACT
chr9	130872245	C	T	Pat14_Prim_FFPE_ERR791910	C>T	TCT
chr9	130872998	C	T	Pat14_Prim_FFPE_ERR791910	C>T	TCA
chr10	43114472	A	C	Pat14_Prim_FFPE_ERR791910	T>G	CTC
chr10	43118438	C	T	Pat14_Prim_FFPE_ERR791910	C>T	CCA
chr10	83312535	C	T	Pat14_Prim_FFPE_ERR791910	C>T	TCA
chr10	87925562	G	C	Pat14_Prim_FFPE_ERR791910	C>G	ACT
chr10	87925606	C	T	Pat14_Prim_FFPE_ERR791910	C>T	ACT
chr10	87925625	T	C	Pat14_Prim_FFPE_ERR791910	T>C	CTG
chr10	87952211	C	T	Pat14_Prim_FFPE_ERR791910	C>T	TCA
chr11	533956	C	T	Pat14_Prim_FFPE_ERR791910	C>T	ACA
chr11	108303018	C	T	Pat14_Prim_FFPE_ERR791910	C>T	GCC
chr11	108335876	T	C	Pat14_Prim_FFPE_ERR791910	T>C	ATG
chr11	108335890	C	T	Pat14_Prim_FFPE_ERR791910	C>T	CCA
chr11	108347447	C	T	Pat14_Prim_FFPE_ERR791910	C>T	ACA
chr12	25225724	C	T	Pat14_Prim_FFPE_ERR791910	C>T	ACT
chr12	25225732	A	G	Pat14_Prim_FFPE_ERR791910	T>C	CTT
chr12	120993711	A	G	Pat14_Prim_FFPE_ERR791910	T>C	CTA
chr12	120993716	C	T	Pat14_Prim_FFPE_ERR791910	C>T	GCG
chr13	27696300	T	C	Pat14_Prim_FFPE_ERR791910	T>C	ATT
chr13	28018533	C	T	Pat14_Prim_FFPE_ERR791910	C>T	TCA
chr13	28018538	C	T	Pat14_Prim_FFPE_ERR791910	C>T	ACT
chr13	28018542	C	T	Pat14_Prim_FFPE_ERR791910	C>T	TCC
chr13	48381510	A	G	Pat14_Prim_FFPE_ERR791910	T>C	GTG
chr13	48453011	C	T	Pat14_Prim_FFPE_ERR791910	C>T	TCT
chr13	48463708	T	C	Pat14_Prim_FFPE_ERR791910	T>C	CTT
chr14	104780137	C	T	Pat14_Prim_FFPE_ERR791910	C>T	GCG
chr15	72899296	A	G	Pat14_Prim_FFPE_ERR791910	T>C	ATG
chr15	72899315	A	G	Pat14_Prim_FFPE_ERR791910	T>C	TTA
chr17	7670709	C	T	Pat14_Prim_FFPE_ERR791910	C>T	CCA
chr17	7673703	C	T	Pat14_Prim_FFPE_ERR791910	C>T	TCG
chr17	7673705	C	T	Pat14_Prim_FFPE_ERR791910	C>T	GCT
chr17	7673712	C	T	Pat14_Prim_FFPE_ERR791910	C>T	GCT
chr17	7674943	T	C	Pat14_Prim_FFPE_ERR791910	T>C	CTC
chr17	7674945	G	A	Pat14_Prim_FFPE_ERR791910	C>T	CCG
chr17	7674965	G	A	Pat14_Prim_FFPE_ERR791910	C>T	GCC
chr17	7676569	C	T	Pat14_Prim_FFPE_ERR791910	C>T	GCT
chr17	39723947	T	C	Pat14_Prim_FFPE_ERR791910	T>C	TTC
chr17	39724053	C	T	Pat14_Prim_FFPE_ERR791910	C>T	CCC
chr17	39724075	C	T	Pat14_Prim_FFPE_ERR791910	C>T	TCT
chr17	39724719	T	C	Pat14_Prim_FFPE_ERR791910	T>C	GTC
chr18	51054831	C	T	Pat14_Prim_FFPE_ERR791910	C>T	ACA
chr19	1220520	G	A	Pat14_Prim_FFPE_ERR791910	C>T	ACG
chr19	1220537	C	T	Pat14_Prim_FFPE_ERR791910	C>T	GCC
chr19	1221345	G	A	Pat14_Prim_FFPE_ERR791910	C>T	GCA
chr19	1221377	G	A	Pat14_Prim_FFPE_ERR791910	C>T	ACG
chr19	3114989	C	T	Pat14_Prim_FFPE_ERR791910	C>T	CCA
chr19	3115107	A	G	Pat14_Prim_FFPE_ERR791910	T>C	CTC
chr19	3118907	G	A	Pat14_Prim_FFPE_ERR791910	C>T	GCC
chr19	17837204	C	T	Pat14_Prim_FFPE_ERR791910	C>T	TCC
chr20	37403387	C	T	Pat14_Prim_FFPE_ERR791910	C>T	GCG
chr20	38829850	C	G	Pat14_Prim_FFPE_ERR791910	C>G	ACC
chr20	38829856	A	G	Pat14_Prim_FFPE_ERR791910	T>C	ATA
chr20	58909346	T	C	Pat14_Prim_FFPE_ERR791910	T>C	TTC
chr21	45258503	G	C	Pat14_Prim_FFPE_ERR791910	C>G	GCC
chr22	16574645	C	T	Pat14_Prim_FFPE_ERR791910	C>T	ACT
chr22	23791808	C	T	Pat14_Prim_FFPE_ERR791910	C>T	TCA
chr22	23791812	C	T	Pat14_Prim_FFPE_ERR791910	C>T	TCT
chr22	23801078	T	C	Pat14_Prim_FFPE_ERR791910	T>C	CTT
