chrom	pos	ref	alt	snv	FOBP	VAFF	SOB	msec	truth
chr1	43349368	C	T	chr1_43349368_C_T	-0.000155202	0.285714	-1	1	FALSE
chr1	114716136	C	T	chr1_114716136_C_T	-1	0	0	1	FALSE
chr1	114716216	C	T	chr1_114716216_C_T	-1	0	0	1	FALSE
chr2	208248418	C	T	chr2_208248418_C_T	-1	0	0	1	FALSE
chr2	211424239	C	T	chr2_211424239_C_T	-1	0	0	1	FALSE
chr2	211424325	C	T	chr2_211424325_C_T	-1	0	0	1	FALSE
chr2	211788106	C	T	chr2_211788106_C_T	-1	0	0	1	FALSE
chr2	211788109	C	T	chr2_211788109_C_T	-1	0	0	1	FALSE
chr3	41224584	C	T	chr3_41224584_C_T	-1	0	0	1	FALSE
chr3	179199090	C	T	chr3_179199090_C_T	-1	0	-1	1	FALSE
chr3	179199168	C	T	chr3_179199168_C_T	-1	0	0	1	FALSE
chr3	179210155	G	A	chr3_179210155_G_A	-1	0	0	1	FALSE
chr3	179210238	C	T	chr3_179210238_C_T	-1	0	0	1	FALSE
chr3	179234327	G	A	chr3_179234327_G_A	-1	0	-1	1	FALSE
chr4	1807305	C	T	chr4_1807305_C_T	-1	0	0	1	FALSE
chr4	1807307	C	T	chr4_1807307_C_T	-1	0	0	1	FALSE
chr4	54274844	C	T	chr4_54274844_C_T	-1	0	0	1	FALSE
chr4	54285870	C	T	chr4_54285870_C_T	-0.000413741	0.181818	-1	1	FALSE
chr4	54285877	C	T	chr4_54285877_C_T	-1	0	0	1	FALSE
chr4	55113538	C	T	chr4_55113538_C_T	-1	0	-1	1	FALSE
chr4	152337929	C	T	chr4_152337929_C_T	-1	0	0	1	FALSE
chr4	152337941	C	T	chr4_152337941_C_T	-1	0	0	1	FALSE
chr5	112838973	C	T	chr5_112838973_C_T	-1	0	0	1	FALSE
chr5	112840311	G	A	chr5_112840311_G_A	-1	0	0	1	FALSE
chr7	55143403	C	T	chr7_55143403_C_T	-1	0	0	1	FALSE
chr7	55154147	G	A	chr7_55154147_G_A	-1	0	-1	1	FALSE
chr7	55154174	C	T	chr7_55154174_C_T	-1	0	0	1	FALSE
chr7	55174024	C	T	chr7_55174024_C_T	-1	0	0	1	FALSE
chr7	55174033	C	T	chr7_55174033_C_T	-1	0	-1	1	FALSE
chr7	55181437	G	A	chr7_55181437_G_A	-1	0	0	1	FALSE
chr7	66505181	C	T	chr7_66505181_C_T	-1.79378e-06	1	-1	0	FALSE
chr7	116771971	C	T	chr7_116771971_C_T	-1	0	0	1	FALSE
chr7	129206651	C	T	chr7_129206651_C_T	-1	0	0	1	FALSE
chr7	140781655	C	T	chr7_140781655_C_T	-0.00095592	0.125	-1	1	FALSE
chr8	38424737	C	T	chr8_38424737_C_T	-1	0	0	1	FALSE
chr8	38424778	C	T	chr8_38424778_C_T	-0.000142222	0.285714	-1	1	FALSE
chr9	77728439	C	T	chr9_77728439_C_T	-1	0	0	1	FALSE
chr9	77797562	C	T	chr9_77797562_C_T	-1	0	0	1	FALSE
chr9	77797593	C	T	chr9_77797593_C_T	-1	0	-1	1	FALSE
chr9	77797600	C	T	chr9_77797600_C_T	-1	0	0	1	FALSE
chr9	136503427	C	T	chr9_136503427_C_T	-1	0	0	1	FALSE
chr9	136503439	C	T	chr9_136503439_C_T	-1	0	0	1	FALSE
chr10	87960934	C	T	chr10_87960934_C_T	-1	0	0	1	FALSE
chr11	108267337	C	T	chr11_108267337_C_T	-1	0	0	1	FALSE
chr11	108310237	C	T	chr11_108310237_C_T	-1	0	0	1	FALSE
chr11	108347362	C	T	chr11_108347362_C_T	-1	0	0	1	FALSE
chr12	25227452	C	T	chr12_25227452_C_T	-1	0	0	1	FALSE
chr12	25227462	C	T	chr12_25227462_C_T	-1	0	0	1	FALSE
chr12	120994390	C	T	chr12_120994390_C_T	-1	0	0	1	FALSE
chr13	48459707	C	T	chr13_48459707_C_T	-1	0	0	1	FALSE
chr16	68812320	C	T	chr16_68812320_C_T	-1	0	0	1	FALSE
chr17	7674882	C	T	chr17_7674882_C_T	-1	0	0	1	FALSE
chr17	7675257	C	T	chr17_7675257_C_T	-1	0	0	1	FALSE
chr17	7675277	C	T	chr17_7675277_C_T	-1	0	0	1	FALSE
chr17	7676090	C	T	chr17_7676090_C_T	-1	0	0	1	FALSE
chr17	7676649	C	T	chr17_7676649_C_T	-1	0	0	1	FALSE
chr18	51054916	C	T	chr18_51054916_C_T	-1	0	0	1	FALSE
chr18	51054931	C	T	chr18_51054931_C_T	-1	0	-1	1	FALSE
chr18	51054933	C	T	chr18_51054933_C_T	-1	0	0	1	FALSE
chr19	1220520	G	A	chr19_1220520_G_A	-1	0	0	0	TRUE
chr19	1220528	C	T	chr19_1220528_C_T	-1	0	0	0	FALSE
chr19	17837311	C	T	chr19_17837311_C_T	-1	0	0	1	FALSE
chr20	58909371	C	T	chr20_58909371_C_T	-1	0	-1	1	FALSE
chr22	16574645	C	T	chr22_16574645_C_T	-1	0	0	1	FALSE
chr22	23801053	C	T	chr22_23801053_C_T	-1	0	0	1	FALSE
chr22	23801073	C	T	chr22_23801073_C_T	-1	0	0	1	FALSE
